,movieId,imdbId,title,year,parentalRating,plot
0,1,114709,Toy Story,1995,teen,"A little boy named Andy loves to be in his room, playing with his toys, especially his doll named ""Woody"". But, what do the toys do when Andy is not with them, they come to life. Woody believes that his life (as a toy) is good. However, he must worry about Andy's family moving, and what Woody does not know is about Andy's birthday party. Woody does not realize that Andy's mother gave him an action figure known as Buzz Lightyear, who does not believe that he is a toy, and quickly becomes Andy's new favorite toy. Woody, who is now consumed with jealousy, tries to get rid of Buzz. Then, both Woody and Buzz are now lost. They must find a way to get back to Andy before he moves without them, but they will have to pass through a ruthless toy killer, Sid Phillips."
1,2,113497,Jumanji,1995,teen,"Jumanji, one of the most unique--and dangerous--board games ever, falls into the hands of the curious teen, Alan Parrish, in 1969. Mysterious and magical, the game strands the unsuspecting boy in the lush, savage forests of a mythical realm. Nearly three decades later, the game releases him before the awed eyes of the young orphaned siblings, Judy and Peter Shepherd. Now, the wild and incessant beat of the jungle's tribal drums is calling for the now-adult Alan and the other hesitant players, as the one who rolls the dice must never leave undone what the roll has started. Has anyone ever escaped from the game and Jumanji's formidable foes?"
2,3,113228,Grumpier Old Men,1995,teen,"Things don't seem to change much in Wabasha County: Max and John are still fighting after 35 years, Grandpa still drinks, smokes, and chases women , and nobody's been able to catch the fabled ""Catfish Hunter"", a gigantic catfish that actually smiles at fishermen who try to snare it. Six months ago John married the new girl in town (Ariel), and people begin to suspect that Max might be missing something similar in his life. The only joy Max claims is left in his life is fishing, but that might change with the new owner of the bait shop."
3,4,114885,Waiting to Exhale,1995,adult,"This story based on the best selling novel by Terry McMillan follows the lives of four African-American women as they try to deal with their very lives. Friendship becomes the strongest bond between these women as men, careers, and families take them in different directions. Often light-hearted this movie speaks about some of the problems and struggles the modern women face in today's world."
4,5,113041,Father of the Bride Part II,1995,teen,"In this sequel to ""Father of the Bride"", George Banks must accept the reality of what his daughter's ascension from daughter to wife, and now to mother means when placed into perspective against his own stage of life. As the comfortable family unit starts to unravel in his mind, a rapid progression into mid-life crisis is in his future. His journey to regain his youth acts as a catalyst for a kind of ""rebirth"" of his attitude on life when he and his wife, Nina, find how their lives are about to change as well."
5,6,113277,Heat,1995,adult,"Hunters and their prey--Neil and his professional criminal crew hunt to score big money targets (banks, vaults, armored cars) and are, in turn, hunted by Lt. Vincent Hanna and his team of cops in the Robbery/Homicide police division. A botched job puts Hanna onto their trail while they regroup and try to put together one last big 'retirement' score. Neil and Vincent are similar in many ways, including their troubled personal lives. At a crucial moment in his life, Neil disobeys the dictum taught to him long ago by his criminal mentor--'Never have anything in your life that you can't walk out on in thirty seconds flat, if you spot the heat coming around the corner'--as he falls in love. Thus the stage is set for the suspenseful ending...."
6,7,114319,Sabrina,1995,teen,"While she was growing up, Sabrina Fairchild spent more time perched in a tree watching the Larrabee family than she ever did on solid ground. As the chauffeur's daughter on their lavish Long Island estate, Sabrina was invisible behind the branches, but she knew them all below - There is Maude Larrabee, the modern matriarch of the Larrabee Corporation; Linus Larrabee, the serious older son who expanded a successful family business into the world's largest communications company; and David, the handsome, fun-loving Larrabee, who was the center of Sabrina's world until she was shipped off to Paris. After two years on the staff of Vogue magazine, Sabrina has returned to the Larrabee estate but now she has blossomed into a beautiful and sophisticated woman. And she's standing in the way of a billion dollar deal."
7,8,112302,Tom and Huck,1995,preteen,"Tom Sawyer is a mischievous young boy, growing up in a small US town in the mid-1800s. He finds a friend in Huckleberry Finn, a vagrant and outcast, and the two get up to all sorts of boyish adventures. While on one of these adventures they witness a murder, leaving Tom with a dilemma."
8,9,114576,Sudden Death,1995,adult,"Darren McCord takes his two kids to a Pittsburgh Penguins National Hockey League play-off game, unknowing that the sports arena has been taken over by terrorists, who are holding the Vice President of the United States, as well as many other high-ranking officials hostage. Darren later becomes the only one who is aware of the situation. And, the stakes are raised when the terrorists announce that they will blow-up the building at the end of the game. Therefore, Darren must not only subdue the terrorists, but postpone the game and send it to overtime."
9,10,113189,GoldenEye,1995,adult,"When a deadly satellite weapon system falls into the wrong hands, only Agent James Bond 007 (Pierce Brosnan) can save the world from certain disaster. Armed with his licence to kill, Bond races to Russia in search of the stolen access codes for ""GoldenEye"", an awesome space weapon that can fire a devastating electromagnetic pulse toward Earth. But 007 is up against an enemy who anticipates his every move: a mastermind motivated by years of simmering hatred. Bond also squares off against Xenia Onatopp (Famke Janssen), an assassin who uses pleasure as her ultimate weapon."
10,11,112346,The American President,1995,teen,"Andrew Shepherd is approaching the end of his first term as President of the United States. He's a widower with a young daughter and has proved to be popular with the public. His election seems assured. That is until he meets Sydney Ellen Wade, a paid political activist working for an environmental lobby group. He's immediately smitten with her and after several amusing attempts, they finally manage to go on a date (which happens to be a State dinner for the visiting President of France). His relationship with Wade opens the door for his prime political opponent, Senator Bob Rumson, to launch an attack on the President's character, something he could not do in the previous election as Shepherd's wife had only recently died."
11,12,112896,Dracula: Dead and Loving It,1995,teen,"Another spoof from the mind of Mel Brooks . This time he's out to poke fun at the Dracula myth. Basically, he took ""Bram Stoker's Dracula,"" gave it a new cast and a new script and made a big joke out of it. The usual, rich English are attacked by Dracula and Dr. Van Helsing is brought in to save the day."
12,13,112453,Balto,1995,general,"A half-wolf, half-husky named Balto gets a chance to become a hero when an outbreak of diphtheria threatens the children of Nome, Alaska in the winter of 1925. He leads a dog team on a 600-mile trip across the Alaskan wilderness to get medical supplies. The film is based on a true story which inspired the Iditarod dog sled race."
13,14,113987,Nixon,1995,adult,"Writer, Producer, and Director Oliver Stone's exploration of former President Richard Nixon's strict Quaker upbringing, his nascent political strivings in law school, and his strangely self-effacing courtship of his wife, Pat (Joan Allen). The contradictions in his character are revealed early, in the vicious campaign against Helen Gahagan Douglas and the oddly masochistic Checkers speech. His defeat at the hands of the hated and envied John F. Kennedy in the 1960 presidential election, followed by the loss of the 1962 California gubernatorial race, seem to signal the end of his career. Yet, although wholly lacking in charisma, Nixon remains a brilliant political operator, seizing the opportunity provided by the backlash against the antiwar movement to take the Presidency in 1968. It is only when safely in office, running far ahead in the polls for the 1972 Presidential election, that his growing paranoia comes to full flower, triggering the Watergate scandal."
14,15,112760,Cutthroat Island,1995,teen,"Morgan Adams and her slave, William Shaw, are on a quest to recover the three portions of a treasure map. Unfortunately, the final portion is held by her murderous uncle, Dawg. Her crew is skeptical of her leadership abilities, so she must complete her quest before they mutiny against her. This is made yet more difficult by the efforts of the British crown to end her piratical raids."
15,16,112641,Casino,1995,adult,"This Martin Scorsese film depicts the Janus-like quality of Las Vegas--it has a glittering, glamorous face, as well as a brutal, cruel one. Ace Rothstein and Nicky Santoro, mobsters who move to Las Vegas to make their mark, live and work in this paradoxical world. Seen through their eyes, each as a foil to the other, the details of mob involvement in the casinos of the 1970s and '80s are revealed. Ace is the smooth operator of the Tangiers casino, while Nicky is his boyhood friend and tough strongman, robbing and shaking down the locals. However, they each have a tragic flaw--Ace falls in love with a hustler, Ginger, and Nicky falls into an ever-deepening spiral of drugs and violence."
16,17,114388,Sense and Sensibility,1995,preteen,"When Mr. Dashwood (Tom Wilkinson) dies, he must leave the bulk of his estate to the son by his first marriage, which leaves his second wife and their three daughters Elinor (Dame Emma Thompson), Marianne (Kate Winslet), and Margaret (Emilie François), in straitened circumstances. They are taken in by a kindly cousin, but their lack of fortune affects the marriageability of practical Elinor and romantic Marianne. When Elinor forms an attachment for the wealthy Edward Ferrars (Hugh Grant), his family disapproves and separates them. And though Mrs. Jennings (Elizabeth Spriggs) tries to match the worthy (and rich) Colonel Brandon (Alan Rickman) to her, Marianne finds the dashing and fiery John Willoughby (Greg Wise) more to her taste. Both relationships are sorely tried."
17,18,113101,Four Rooms,1995,adult,"This movie features the collaborative directorial efforts of four new filmmakers, each of whom directs a segment of this comedy. It's New Year's Eve at the Mon Signor Hotel, a former grand old Hollywood hotel, now fallen upon hard times. Often using physical comedy and sight gags, this movie chronicles the slapstick misadventures of Ted, the Bellhop. He's on his first night on the job, when he's asked to help out a coven of witches in the Honeymoon Suite. Things only get worse when he delivers ice to the wrong room and ends up in a domestic argument at a really bad time. Next, he foolishly agrees to watch a gangster's kids for him while he's away. Finally, he finishes off the night refereeing a ghastly wager."
18,19,112281,Ace Ventura: When Nature Calls,1995,teen,"Ace Ventura, emerging from self-imposed exile in a remote Himalayan hideaway, travels to Africa with explorer Fulton Greenwall to find a sacred bat which is told will avert a war between with Wachootoo and Wachati tribes. Of course, when Ace gets involved, all hell breaks loose..."
19,20,113845,Money Train,1995,adult,"Two foster brothers work as transit cops. While one's life is as good as it gets, the other's is a pit. After losing his job, getting dumped by his brother, and getting the crap kicked out of him by a loan shark for the umpteenth time, He implements his plan to steal the ""money train,"" a train carrying the New York Subway's weekly revenue. But when things go awry, will his brother be able to save him in time?"
20,21,113161,Get Shorty,1995,adult,"Some guys get all the luck, whether they like it or not. Chili Palmer happens to be in Hollywood collecting a gambling debt when he's struck by lightning (not literally). Called a natural for the movie business, he's snagged up by a producer. The rest is history."
21,22,112722,Copycat,1995,adult,"In San Francisco, the criminal psychologist Helen Hudson is specialized in serial-killers. During a trial, the accused Daryll Lee Cullum kills a police officer and tries to kill her and she becomes agoraphobic. Now Helen lives a reclusive life with her gay friend Andy that helps her. Sometime later, there is a wave of crimes and Detectives M.J. Monahan and Reuben Goetz are investigating the murder cases. Helen identifies that the murderer is copycatting notorious serial-killers and she anonymously contacts the Police Department. After fourteen phone calls, she is identified by the police. Detectives M.J. and Reuben visit her and Helen teams up with them and prepares the profile of the killer that wants to be famous. But soon the copycat killer Peter Foley contacts and stalks Helen and M.J. and Reuben give protection to her. Will they be capable to stop Foley before the next murder?"
22,23,112401,Assassins,1995,adult,"Robert Rath is a seasoned hitman who just wants out of the business with no back talk. But, as things go, it ain't so easy. A younger, peppier assassin named Bain is having a field day trying to kill said older assassin. Rath teams up with a computer hacker named Electra to defeat the obsessed Bain."
23,24,114168,Powder,1995,teen,"When sheriff Barnum investigates the death of an elderly rural resident, he discovers a teenage grandson living in the basement. Raised by his grandparents, he has experienced the world only through books, never leaving the family farm. He is sent to a state home for boys where he has trouble fitting in socially. His odd appearance and unusual abilities cause the small town residents to fear and ridicule him. However, not all are afraid. Some begin to view his potential and gifts with wonderment."
24,25,113627,Leaving Las Vegas,1995,adult,"Because his wife left him and took his son with her, screenwriter Ben Sanderson has started drinking, a lot. He's getting more and more isolated and he troubles women in bars because he wants to have sex with them. When he gets fired, he decides to leave everything behind and move to Las Vegas and drink himself to death. In Las Vegas he meets Sera, a prostitute with some problems as well who he moves in with."
25,26,114057,Othello,1995,adult,"Iago convinces Othello, The Moor of Venice that his wife, Desdemona has been unfaithful. Iago is an evil, manipulative character with his own agenda. A plot of jealousy and rage transpires in this classic Shakespearean tale."
26,27,114011,Now and Then,1995,teen,"Four childhood friends, who are now in their thirties, are having a reunion. Their lives have gone separate and very different ways. Together again, they reminisce about their younger years, especially the eventful period when they were 12."
27,28,114117,Persuasion,1995,preteen,"Eight years ago, Anne Elliot rejected Frederick Wentworth, the man she loved, out of a sense of duty and obedience. Now an ignored and faded spinster, she follows her financially stricken family from their home, only to be reintroduced to the now successful and wealthy Captain Frederick Wentworth. With their roles reversed and Captain Wentworth the eligible and wealthy bachelor, Anne navigates the scheming society that still tries to keep them apart."
28,29,112682,The City of Lost Children,1995,adult,"Set in a dystopian society, someone is kidnapping the children. Krank and his band of clones are using the children to harvest their dreams. Then they kidnap Denree, the brother of One, a fairground strongman. One sets out to find his brother."
29,30,115012,Shanghai Triad,1995,adult,"Uncle Liu brings his cousin to Shanghai to work for 'Boss,' the leader of a powerful drug empire in the 1930's. Shuisheng, a simple country boy is awed and overwhelmed by the opulence and immense wealth he is suddenly surrounded by. He is to be the attendant of Xiao Jingbao, the new mistress of 'Boss.' While he fumbles with the demands of his new role, much intrigue is going on around him, well beyond his bewildered perception. Xiao Jingbao is having a tumultuous affair, Fat Yu is starting a gang war, and 'Boss' is beginning to suspect that one of his trusted men is not loyal."
30,31,112792,Dangerous Minds,1995,adult,"Louanne Johnson is an ex-marine, hired as a teacher in a high-school in a poor area of the city. She has recently separated from her husband. Her friend, also teacher in the school, got the temporary job for her. After a terrible reception from the students, she tries unconventional methods of teaching (using karate, Bob Dylan lyrics etc) to gain the trust of the students."
31,32,114746,12 Monkeys,1995,adult,"James Cole, a prisoner of the state in the year 2035, can earn parole if he agrees to travel back in time and thwart a devastating plague. The virus has wiped out most of the Earth's population and the remainder live underground because the air is poisonous. Returning to the year 1990, six years before the start of the plague, Cole is soon imprisoned in a psychiatric facility because his warnings sound like mad ravings. There he meets a scientist named Dr. Kathryn Railly and Jeffrey Goines, the mad son of an eminent virologist. Cole is returned by the authorities to the year 2035, and finally ends up at his intended destination in 1996. He kidnaps Dr. Railly in order to enlist her help in his quest. Cole discovers graffiti by an apparent animal rights group called the Army of the Twelve Monkeys, but as he delves into the mystery, he hears voices, loses his bearings, and doubts his own sanity. He must figure out if Goines, who seems to be a raving lunatic, holds the key to the puzzle."
32,34,112431,Babe,1995,preteen,"Gentle farmer Arthur Hoggett wins a piglet named Babe at a county fair. Narrowly escaping his fate as Christmas dinner when Farmer Hoggett decides to show him at the next fair, Babe bonds with motherly border collie Fly and discovers that he can herd sheep too. But will the other farm animals, including Fly's jealous husband, Rex, accept a pig who doesn't conform to the farm's social hierarchy?"
33,36,112818,Dead Man Walking,1995,adult,"A convicted murderer on Death Row and the nun who befriends him. Through the portrayal of finely drawn characters and their interactions as the days, hours, and minutes tick down to the condemned man's execution, powerful emotions are unleashed. While Matthew Poncelet and Sister Prejean desperately try to gain a stay of execution from the governor or the courts, scenes are intercut from the brutal crime, gradually revealing the truth about the events that transpired. In addition to her temporal help, the nun also tries to reach out spiritually and assist as a guide to salvation."
34,38,113442,It Takes Two,1995,preteen,"A rich girl named Alyssa and an orphan named Amanda are two little girls who are identical, but complete strangers who accidentally meet one day. Together they form a plan to try getting Alyssa's father, Roger, to prevent making the biggest mistake of his life: marrying an awful woman named Clarisse."
35,39,112697,Clueless,1995,teen,"Cher, a high school student in Beverly Hills, must survive the ups and downs of adolescent life. Her external demeanor at first seems superficial, but rather it hides her wit, charm, and intelligence which help her to deal with relationships, friends, family, school, and the all-important teenage social life."
36,40,112749,"Cry, the Beloved Country",1995,teen,"South African church minister Steven Kumalo is summoned from his village to Johannesburg. There he finds that his son Absolom has been jailed in connection with a robbery in which a white man was killed. The father of the white man, James Jarvis, is a supporter of apartheid, the separation of the races which is the law of South Africa. When they encounter each other, both Kumalo and Jarvis come to unexpected realizations not only about their sons, but about the nature of their own humanity."
37,41,114279,Richard III,1995,adult,"William Shakespeare's classic play is brought into the present with the setting as Great Britian in the 1930s. Civil war has erupted with the House of Lancaster on one side, claiming the right to the British throne and hoping to bring freedom to the country. Opposing is the House of York, commanded by the infamous Richard III (Sir Ian McKellen), who rules over a fascist government and hopes to install himself as a dictator monarch."
38,42,112819,Dead Presidents,1995,adult,"This action film, directed by the Hughes brothers, depicts a heist of old bills, retired from circulation and destined by the government to be ""money to burn."" However, more broadly, it addresses the issues of Black Americans' involvement in the Vietnam War and their subsequent disillusionment with progress in social issues and civil rights back home in the United States, during the 1960's."
39,43,114272,Restoration,1995,adult,"An aspiring young physician, Robert Merivel found himself in the service of King Charles II and saves the life of a spaniel dear to the King. Merivel joins the King's court and lives the high life provided to someone of his position. Merivel is ordered to marry one of the King's mistresses in order to divert the suspicions of another one of his mistresses. He is given one order by the king and that is not to fall in love. The situation worsens when Merivel finds himself in love with his new wife. Eventually, the King finds out and relieves Merivel of his position and wealth. His fall from grace leaves Merivel where he first started. And through his travels and reunites with an old friend, he rediscovers his love for true medicine and what it really means to be a physician."
40,44,113855,Mortal Kombat,1995,teen,"Based on the popular video game of the same name ""Mortal Kombat"" tells the story of an ancient tournament where the best of the best of different Realms fight each other. The goal: 10 wins to be able to legally invade the losing Realm. Outworld has so far collected 9 wins against Earthrealm, so it's up to Lord Rayden and his fighters to stop Outworld from reaching the final victory."
41,45,114681,To Die For,1995,adult,"Suzanne Stone (Kidman) knows exactly what she wants. She wants to be a television newscaster and she is willing to do anything to get what she wants. What she lacks in intelligence, she makes up for in cold determination and diabolical wiles. As she pursues her goal with relentless focus, she is forced to destroy anything and anyone that may stand in her way, regardless of the ultimate cost or means necessary."
42,46,113347,How to Make an American Quilt,1995,teen,"Finn is a young graduate student, finishing a master's thesis, and preparing for marriage to her fiance Sam. But thoughts of the end of the free life, and a potential summer fling, intrude. She goes home to her grandmother, where, over the making of her wedding gift by a group of quilting-bee friends, laughter, bickering, love, and advice lead her toward a more open-eyed examination of her course."
43,47,114369,Se7en,1995,adult,"A film about two homicide detectives' (Morgan Freeman and Brad Pitt) desperate hunt for a serial killer who justifies his crimes as absolution for the world's ignorance of the Seven Deadly Sins. The movie takes us from the tortured remains of one victim to the next as the sociopathic ""John Doe"" (Kevin Spacey) sermonizes to Detectives Somerset and Mills -- one sin at a time. The sin of Gluttony comes first and the murderer's terrible capacity is graphically demonstrated in the dark and subdued tones characteristic of film noir. The seasoned and cultured but jaded Somerset researches the Seven Deadly Sins in an effort to understand the killer's modus operandi while the bright but green and impulsive Detective Mills (Pitt) scoffs at his efforts to get inside the mind of a killer..."
44,48,114148,Pocahontas,1995,teen,"This is the Disney animated tale of the romance between a young Native American woman named Pocahontas (Irene Bedard) and Captain John Smith (Mel Gibson), who journeyed to the New World with other settlers to begin fresh lives. Her powerful father, Chief Powhatan (Russell Means), disapproves of their relationship and wants her to marry a native warrior. Meanwhile, Smith's fellow Englishmen hope to rob the Native Americans of their gold. Can Pocahontas' love for Smith save the day?"
45,49,114916,When Night Is Falling,1995,adult,"Camille and Martin are in love and teachers at a christian college; they get the opportunity to get a better job, but they would have to marry for that. But when Camille's dog dies, she recognizes that her love for Martin is not even as big as the love for her dog. After that, Camille gets to know Petra, and Petra falls in love with Camille. They meet again, but Camille is very unsure about her feelings. When Martin is away for a weekend, Camille and Petra meet in the Circus where Petra is working as an acrobat. They spend the night together, but Martin finds out about it and is shocked. He has an argument with Camille, and she goes burying her dog in the snow, and falls asleep..."
46,50,114814,The Usual Suspects,1995,adult,"Following a truck hijack in New York, five criminals are arrested and brought together for questioning. As none of them are guilty, they plan a revenge operation against the police. The operation goes well, but then the influence of a legendary mastermind criminal called Keyser Söze is felt. It becomes clear that each one of them has wronged Söze at some point and must pay back now. The payback job leaves 27 men dead in a boat explosion, but the real question arises now: Who actually is Keyser Söze?"
47,52,113819,Mighty Aphrodite,1995,adult,"Lenny and Amanda have an adopted son Max who turns out to be brilliant. Lenny becomes obsessed with finding Max's real parents because he believes that they too must be brilliant. When he finds that Linda Ash is Max' real mother, Lenny is disappointed. Linda is a prostitute and porn star. On top of that, she is quite possibly the dumbest person Lenny has ever met. Interwoven is a Greek chorus linking the story with the story of Oedipus."
48,53,110299,Lamerica,1994,,"Two Italian racketeers come to Albania just after the fall of the communists to set up a fictive firm and pocket the grants. They need a stooge. They choose an old one in a jail : Spiro. But the youngest italian, Gino, once alone with Spiro, encounter a few problems. Far from his roots, loosing his identity in deep Albania, he begins to change..."
49,54,112499,The Big Green,1995,preteen,"An underdog sports team of misfit kids learns to play a new sport and become champions while building self-esteem, making friends, and solving a variety of dramatic family crises through the able assistance of a foreign exchange teacher and former local sports hero as coaches."
50,55,113158,Georgia,1995,adult,"Sadie is desperately looking up to her older sister Georgia who is a famous C&W artist. Sadie wants to be a famous artist like her sister, but is always doing everything wrong. Her desperate need to be accepted by her sister is constantly complicated by her drug and alcohol problems. Georgia lives a very ordered life with husband, house and children, and Sadie does everything to get her attention."
51,57,113321,Home for the Holidays,1995,teen,"After losing her job, making out with her soon to be ex-boss, and finding out that her daughter plans to spend Thanksgiving with her boyfriend, Claudia Larson has to face spending the holiday with her family. She wonders if she can survive their crazy antics."
52,58,110877,The Postman,1994,preteen,"Pablo Neruda, the famous Chilean poet, is exiled to a small island for political reasons. On the island, the unemployed son of a poor fisherman is hired as an extra postman due to the huge increase in mail that this causes. Il Postino is to hand-deliver the celebrity's mail to him. Though poorly educated, the postman learns to love poetry and eventually befriends Neruda. Struggling to grow and express himself more fully, he suddenly falls in love and needs Neruda's help and guidance more than ever."
53,60,113419,The Indian in the Cupboard,1995,preteen,"Omri, a young boy growing up in Brooklyn, receives an odd variety of presents for his birthday: a wooden cupboard from his older brother, a set of antique keys from his mother, Jane, and a plastic Indian from his best friend, Patrick. Putting them all together, Omri locks the Indian in the cupboard, only to be awoken by a strange sound in the middle of the night. He opens the cupboard to discover that the Indian has come to life; it seems that he's called Little Bear (Litefoot), and he claims to have learned English from settlers in 1761. Omri hides this remarkable discovery from Jane but shares it with Patrick as an experiment. Patrick locks a plastic cowboy in the cupboard, and soon Little Bear has a companion named Boone, though predictably, they don't get along well at first. Omri comes to the realizations that his living and breathing playthings are also people with lives of their own, and he begins to wonder how much control he should really have over their lives."
54,61,116260,Eye for an Eye,1996,adult,"Karen McCann's eldest daughter is raped and murdered whilst on the phone with her. When the case against Robert Doob, the perpetrator, is dismissed because of a technicality, she starts following him and sees how he checks out his next victim, a woman he delivers groceries to. She tells the police, but is only warned she must stop following Doob. When she tries to warn the woman, she is shooed out of the house. Doob, having found out that Karen is following him, threatens to do something to her youngest daughter. She then seeks help from a group of vigilantes connected to a support group, in order to shoot Doob. However, a friend from the support group turns out to be an FBI agent investigating the very vigilante activity Karen is involved in and warns her that she will go to jail for the rest of her life unless it is self-defense. In the meantime, tension grows between Karen and her husband Mack, because he finds out she has secretly been taking self-defense classes and has been learning how to use a gun. When Doob makes another victim and is again released for lack of evidence, she finds a way to lure him into her house and kill him in self-defense."
55,62,113862,Mr. Holland's Opus,1995,preteen,"Glenn Holland is a musician and composer who takes a teaching job to pay the rent while, in his 'spare time', he can strive to achieve his true goal - compose one memorable piece of music to leave his mark on the world. As Holland discovers 'Life is what happens to you while you're busy making other plans' and as the years unfold the joy of sharing his contagious passion for music with his students becomes his new definition of success."
56,63,116126,Don't Be a Menace to South Central While Drinking Your Juice in the Hood,1996,adult,"""Don't Be a Menace to South Central While Drinking your Juice in the Hood"" is a parody of several U.S. films about being in the 'Hood', for instance ""Boyz n the Hood"", ""South Central"", ""Menace II Society"", ""Higher Learning"" and ""Juice"". We follow Ashtray as he returns to the place he grew up in and meet his father and his basket-case friends. Crazy stuff happens. For example, Ashtray is older than his father and his best friend Loc Dog's grandmother is a trigger-happy old lady who blames her eccentric-looking kid for not being tough enough."
57,64,118002,Two If by Sea,1996,adult,"Frank O'Brien, a petty thief, and his 7-year-long girlfriend Roz want to put an end to their unsteady lifestyle and just do that last job, which involves stealing a valuable painting. Frank takes Roz to an island on the coast of New England, where he wants to sell the painting and also hopes that their sagging relationship will get a positive push back up. Not everything goes as planned, as some thugs and the FBI try to recover the painting and Roz gets attracted not only to the landscape..."
58,65,115683,Bio-Dome,1996,teen,"Bud and Doyle are two losers who are doing nothing with their lives. Both of their girlfriends are actively involved in saving the environment, but the two friends couldn't care less about saving the Earth. One day, when a group of scientists begin a mission to live inside a ""Bio-Dome"" for a year without outside contact, Bud and Doyle mistakenly become part of the project themselves. The two must then learn how to protect the Earth and help the scientists complete their mission."
59,66,116839,Lawnmower Man 2: Beyond Cyberspace,1996,teen,"After the destruction of Virtual Space Industries at the end of the first film, Jobe is discovered in the rubble and is brought to the facilities of Jonathan Walker (Kevin Conway), a powerful corporate tycoon, where his face is reconstructed and he is hooked back online through virtual reality to work for Walker. Several years later, in a dystopian Los Angeles, Peter Parkette (Austin O'Brien), is now a teenager and a computer hacker living in the subways with a group of runaway teenagers after the events of the first film. Jobe finds Peter online and asks him to find Benjamin Trace (Patrick Bergin), the founder of virtual reality. After finding Trace and bringing him to his hideout, Peter discovers Jobe is looking to start a new world order, using Walker's technology. Now, Trace, Peter, Trace's former lover Cori (Ely Pouget), and Peter's friends, are on a race against time to stop Jobe and Walker from enslaving humanity through virtual reality."
60,68,113149,French Twist,1995,adult,"Undoubtedly, the smug real estate agent, family man, and father of one, Laurent, is a shameless philanderer. Under the nose of his beautiful but unhappy wife, Loli, the incurable womaniser never misses an opportunity to cheat on her, until one day, the cigarillo-smoking and very lesbian plumber, Marijo, sets foot in their house. Now, the stage looks set for the perfect revenge, and nothing can stand in the way of a woman scorned. Can Loli and Laurent survive the complications of having a stranger in their bedroom?"
61,69,113118,Friday,1995,adult,"It is Friday and Craig Jones (Ice Cube) is unemployed, having been fired yesterday. This has lead to trouble with Smokey's (Chris Tucker's) supplier, Big Worm (Faizon Love), who now wants his money, or his product back, or Smokey is a dead man. Then there's Deebo (Tommy ""Tiny"" Lister, Jr.), the local bully, plus Craig's jealous, psychotic girlfriend, Joi (Paula Jai Parker), and Debbie (Nia Long), the neighbor Craig has a crush on. A lot can happen while lounging around your house on a Friday."
62,70,116367,From Dusk Till Dawn,1996,adult,"After a bank heist in Abilene with several casualties, the bank robber Seth Gecko and his psychopath and rapist brother Richard Gecko continue their crime spree in a convenience store in the middle of the desert while heading to Mexico with a hostage. They decide to stop for a while in a low-budget motel. Meanwhile the former minister Jacob Fuller is traveling on vacation with his son Scott and his daughter Kate in a RV. Jacob lost his faith after the death of his beloved wife in a car accident and quit his position of pastor of his community and stops for the night in the same motel Seth and Richard are lodged. When Seth sees the recreational vehicle, he abducts Jacob and his family to help his brother and him to cross the Mexico border, promising to release them on the next morning. They head to the truck drivers and bikers bar Titty Twister where Seth will meet with his partner Carlos in the dawn. When they are watching the dancer Santanico Pandemonium, Seth and Richard fight with three bodyguards. But soon they discover that the bar is a coven of vampires and they need to fight until dawn to leave the place alive."
63,71,113010,Fair Game,1995,adult,"Max Kirkpatrick is a cop who protects Kate McQuean, a civil law attorney, from a renegade KGB team out to terminate her."
64,72,113537,Kicking and Screaming,1995,adult,"After college graduation, Grover's girlfriend Jane tells him she's moving to Prague to study writing. Grover declines to accompany her, deciding instead to move in with several friends, all of whom can't quite work up the inertia to escape their university's pull. Nobody wants to make any big decisions that would radically alter his life, yet none of them wants to end up like Chet, the professional student who tends bar and is in his tenth year of university studies."
65,73,113828,Les Misérables,1995,adult,"Henri Fortin is poor and iliterate former boxer. Ziman is rich Jewish lawyer from Paris. During WWII they meet when Fortin agrees to drive Ziman's family to Switzerland. Intrigued by Victor Hugo's novel ""Les Miserables"", Fortin asks the Zimans to read that book to him during the travel. Before the end of movie every main character would see his character in situations similar to those in Hugo's novel."
66,74,115644,Bed of Roses,1996,preteen,"Romantic drama about a young career girl who is swept off her feet by a shy florist, who fell in love with her after one glimpse through a shadowy window."
67,75,115676,Big Bully,1996,preteen,"David Leary was bullied by Rosco when he was in elementary school. But he got even on the day his parents moved out of town. Now twenty years later, David, who is a successful writer, is invited back to his home town to teach. Everything is great until Rosco, who is still in town, recognizes him. Now suddenly someone is playing mean practical jokes on him. Isn't David a little too old to be running to the Principal saying ""Rosco's picking on me."" ?"
68,76,114367,Screamers,1995,adult,"On the distant mining planet Sirius 6B ravaged by a decade of war in the year 2078, scientists have created the perfect weapon. The blade-wielding, self-replicating race of killing devices known as Screamers is designed for one purpose - to hunt down and destroy all enemy life forms. This so dubbed man's greatest weapon has continued to evolve without human guidance, and devised a new mission: to obliterate all life. Colonel Hendricksson (Peter Weller) commands a handful of Alliance soldiers still alive on Sirius. Betrayed by his own political leaders and disgusted by the atrocities of a never-ending war, Hendricksson decides to negotiate a separate peace with the New Economic Bloc's decimated forces. But to do so, he will have to cross a treacherous wasteland where the deadliest threat comes from the very weapons he helped to create."
69,77,113973,Nico Icon,1995,,"A look into the many lives of Christa Päffgen, otherwise known as Nico; from cutie German mädchen to the first of the supermodels, to glamorous diva of the Velvet Underground, to cult item, junkie and hag. Many faces for the same woman, whom, you realize, just couldn't bring herself to care enough to live."
70,78,112744,The Crossing Guard,1995,adult,"After his daughter died in a hit and run, Freddy Gale has waited six years for John Booth, the man responsible, to be released from prison. On the day of release, Gale visits Booth and announces that he will kill him in one week. Booth uses his time to try and make peace with himself and his entourage, and even finds romance. Gale, whose life is spiraling down because of his obsession towards Booth, will bring himself on the very edge of sanity. At the end of the week, both men will find themselves on a collision course with each other."
71,79,116731,The Juror,1996,adult,"When Annie Laird is selected as a juror in a big Mafia trial, she is forced by someone known as ""The Teacher"" to persuade the other jurors to vote ""not guilty"". He threatens to kill her son if she doesn't commit. When the trial is over, he can't let her go..."
72,80,112445,The White Balloon,1995,teen,"Razieh wants a fat goldfish for the Iranian New Years celebration instead of the skinny ones in her family's pond at home, because the fat fish looks like it's dancing when it swims. After many attempts she and her brother convince their mother to give them her last bit of money. Between their home and the fish store, Razieh loses the money.. She finds it, but it is temptingly just out of her reach."
73,81,114660,Things to Do in Denver When You're Dead,1995,adult,"Jimmy the Saint's business is videotaping the terminally-ill, so that they will be around to give 'Afterlife Advice' to their survivors. He hasn't been doing too well lately and has had to turn to loan-sharks to accommodate his failing business, as well as his expensive personal tastes. When an evil gangster-overlord buys up his note and demands a favor of Jimmy, in exchange for the interest that he can't afford, Jimmy capitulates. Jimmy is to scare someone for the gangster-overlord--really rough them up. Without giving too much away (spoiler), the scene goes down badly and Jimmy and his crew all end up with contracts on their heads for their trouble."
74,82,112379,Antonia's Line,1995,adult,"In an anonymous Dutch village, a sturdy, strong-willed matriarch looks back upon her life, the generations of family and friends gathered around her table, and ponders the cyclical nature of time."
75,83,114039,Once Upon a Time... When We Were Colored,1995,preteen,"This film relates the story of a tightly connected Afro-American community informally called Colored Town where the inhabitants live and depend on each other in a world where racist oppression is everywhere, as told by a boy called Cliff who spent his childhood there. Despite this, we see the life of the community in all its joys and sorrows, of those that live there while others decide to leave for a better life north. For those remaining, things come to a serious situation when one prominent businessman is being muscled out by a white competitor using racist intimidation. In response, the community must make the decision of whether to submit meekly like they always have, or finally fight for their rights."
76,85,112365,Angels and Insects,1995,adult,"The movie is a study of a family of country gentry in Victorian England. William Adamson (Mark Rylance), a young scientist, is introduced into the Alabaster family by Sir Harald Alabaster (Jeremy Kemp) who is also fascinated by insects. William marries the elder daughter of the family and studies the amounts of insects in the garden of the villa. His - for the gentry - strange behaviors reveal at the same time their own failures and passions."
77,86,118158,White Squall,1996,teen,"A true story about a group of American teenage boys who crew a school sailing ship to gain experience, discipline, or whatever their parents feel they lack. The voyage is a true adventure for them all but it has its downs as well as ups."
78,87,116151,Dunston Checks In,1996,preteen,"Robert is the beleaguered manager of a luxury hotel owned by Mrs. Dubrow. She tells him that an undercover reviewer is coming and to look sharp. If he does well, he might get a promotion and some time off to take his sons, Brian and Kyle, on vacation. But then a villainous jewel-thief named Lord Rutledge checks in with his specially trained orangutan, Dunston. And when Dunston gets loose and tries to escape a life of crime with Brian and Kyle's help, things go just a little lunatic."
79,88,115697,Black Sheep,1996,teen,"Comedy about the prospective Washington State Governor Al Donnelly whose only stumbling block on the road to power is his embarrassing younger brother Mike. To keep him out of mischief, Al forces one of his aides, Steve Dodds to keep an eye on him during the election. However, this is easier said than done..."
80,89,113972,Nick of Time,1995,adult,"Gene Watson is a public accountant who arrives on a train at Union Station in Los Angeles, accompanied by his 6-year-old daughter Lynn. Because of his ordinary looks, he is approached by a pair of sinister people named Smith and Jones. Pretending to be cops, Smith and Jones kidnap Lynn and confront Gene with a simple choice -- kill California governor Eleanor Grant in 90 minutes or less, or Lynn will die. Watson is given a gun, six bullets, and a name tag, and he is told to go to the Westin Bonaventure Hotel and kill Eleanor, who is giving an afternoon speech. While Jones is watching Lynn in a van, Smith watches Watson in order to prevent Watson from alerting the authorities. Watson must quickly find some way to get himself and Lynn out of this seemingly impossible situation."
81,92,117002,Mary Reilly,1996,adult,"Somewhere in England in the nineteenth century. A pretty housemaid works in a nice house, which is Dr. Henry Jekyll's (John Malkovich's) house. Mary Reilly (Julia Roberts) think she found her best job, because she is poor and the doctor is well-known and rich. This movie tells the ""Dr. Jekyll and Mr. Hyde"" story as a woman sees the two men, one of them is good and the other is evil. And she loves them."
82,93,114825,Vampire in Brooklyn,1995,adult,"Maximillian is the only survivor from a race of vampires on a Caribbean Island, and, as a vampire, he must find a mate to keep the line from ending. He knows that a child had been born to a woman who had a vampire father, and he searches for her in Brooklyn. Rita's mother, who has died in an asylum, was that woman and Rita has nightmares that she does not understand. Not knowing that she is part-vampire, Max woos her and attempts to bring her to her bloodsucking destiny. Even though Rita has strange dreams and actions, Justice, her partner, has feelings for her and does not want her involved with this stranger Max. But it is Rita who must decide her destiny."
83,94,115639,Beautiful Girls,1996,adult,"New York based jazz pianist Willie Conway heads back to his small hometown of Knights Ridge, Massachusetts for a high school reunion. The trip is as much to go to the reunion and see his old friends - none of whom left Knights Ridge after graduation - as it is to get away from his current life, at which he is at a crossroads both personally and professionally. He is just eking out a living with his piano playing gigs, and as such he is thinking about taking a sales job. He's also not sure if he's ready to marry his long time girlfriend, lawyer Tracy Stover. Most of Willie's Knights Ridge blue collar friends' best days were in high school, they still having that ""trophy"" mentality of girlfriends and wives. Only Michael ""Mo"" Morris is happily married with a family. Paul Kirkwood, whose room is plastered with magazine pictures of models, wants his waitress ex-girlfriend Jan back only because he knows now that he can't have her. And Tommy ""Birdman"" Rowland, who was the big man in high school, is trying to end his affair with his now married high school girlfriend, Darian Smalls. Despite knowing about Darian, Tommy's current girlfriend, Sharon Cassidy, stands by her man through bad and worse. A cousin of their bar owning friend Stanley ""Stinky"" Womack, the beautiful Andera who is visiting from Chicago, may provide the voice of reason for this group of friends in dealing with their women problems. Some reason is what Willie may need in trying to figure out why he is attracted to Marty, his father's thirteen year old neighbor, especially as Willie learns that Tracy has decided to join him for the reunion."
84,95,115759,Broken Arrow,1996,adult,"""Broken Arrow"" is the term used to describe a nuclear device that has been lost. In this movie, two nuclear missiles are stolen by rogue US pilot Deakins, but hot on his trail is his co-pilot Hale and a Park Ranger, Terry. The action takes place in Utah's canyon country; a high stakes game of cat and mouse."
85,96,113403,A Midwinter's Tale,1995,adult,"Out of work actor Joe Harper (Michael Maloney) volunteers to help try and save his sister's local church for the community by putting on a Christmas production of Hamlet, somewhat against the advice of his agent Margaretta D'Arcy (Dame Joan Collins). As the cast he assembles are still available even at Christmas and are prepared to do it on a ""profit sharing"" basis (that is, they may not get paid anything) he cannot expect, and does not get, the cream of the crop. But although they all bring their own problems and foibles along, something bigger starts to emerge in the perhaps aptly named village of Hope."
86,97,113247,La Haine,1995,,"The film follows three young men and their time spent in the French suburban ""ghetto,"" over a span of twenty-four hours. Vinz, a Jew, Saïd, an Arab, and Hubert, a black boxer, have grown up in these French suburbs where high levels of diversity coupled with the racist and oppressive police force have raised tensions to a critical breaking point. During the riots that took place a night before, a police officer lost his handgun in the ensuing madness, only to leave it for Vinz to find. Now, with a newfound means to gain the respect he deserves, Vinz vows to kill a cop if his friend Abdel dies in the hospital, due the beating he received while in police custody."
87,99,113283,Heidi Fleiss: Hollywood Madam,1995,adult,"A documentary crew from the BBC arrives in L.A. intent on interviewing Heidi Fleiss, a year after her arrest for running a brothel but before her trial. Several months elapse before the interview, so the crew searches for anyone who'll talk about the young woman. Two people have a lot to say to the camera: a retired madam named Alex for whom Fleiss once worked and Fleiss's one-time boyfriend, Ivan Nagy, who introduced her to Alex. Alex and Nagy don't like each other, so the crew shuttles between them with ""she said"" and ""he said."" When they finally interview Fleiss, they spend their time reciting what Alex and Nagy have had to say and asking her reaction."
88,100,115907,City Hall,1996,adult,"A young boy dies from a stray bullet during a shootout between a cop and mob family member who had previously been supiciously given probabtion, only to break its terms. New York's Deputy Mayor, Kevin Calhoun starts digging for information."
89,101,115734,Bottle Rocket,1996,adult,"Upon his release from a mental hospital following a nervous breakdown, the directionless Anthony joins his friend Dignan, who seems far less sane than the former. Dignan has hatched a hare-brained scheme for an as-yet-unspecified crime spree that somehow involves his former boss, the (supposedly) legendary Mr. Henry. With the help of their pathetic neighbor and pal Bob, Anthony and Dignan pull a job and hit the road, where Anthony finds love with motel maid Inez. When our boys finally hook up with Mr. Henry, the ensuing escapade turns out to be far from what anyone expected."
90,102,117102,Mr. Wrong,1996,teen,"Martha Alston (Ellen DeGeneres) is a single woman working at a television talk show. When her younger sister gets married, everyone wonders when Martha will meet Mr. Right and tie the knot. By chance, Martha suddenly meets handsome stranger Whitman Crawford (Bill Pullman) and the two fall madly in love. But Martha soon discovers little quirks in Whitman--little quirks that become horrifying nightmares. But by the time she realizes that she must break up with him, it'll take more than subtle hints to make him go away; she'll need to get into the most outrageous predicaments to rid herself of Mr. Wrong."
91,103,118040,Unforgettable,1996,adult,"Unsuccessfully framed for his wife's murder, Dr. David Krane attempts to find the real culprit by utilizing a new drug that allows him to experience the memories of other people first-hand. As he gets closer to the truth, the injections begin to take their toll on his life. Additionally, a history of alcoholism, a career crisis, and the involvement of police officers in the murder all conspire to prevent Dr. Crane from learning what really happened. The challenge, then, is for the doctor to overcome these obstacles before his time runs out."
92,104,116483,Happy Gilmore,1996,teen,A Hockey player wannabe finds out that he has the most powerful golf drive in history. He joins the P.G.A. tour to make some money to save grandma's house. The downside is that his hockey player mentality doesn't really go on the P.G.A. tour. Especially with the favorite to win the championship.
93,105,112579,The Bridges of Madison County,1995,teen,"The path of Francesca Johnson's (Meryl Streep's) future seems destined when an unexpected fork in the road causes her to question everything she had come to expect from life. While her husband and children are away at the Illinois State Fair in the summer of 1965, Robert Kincaid (Clint Eastwood) happens to turn into the Johnson farm and asks Francesca for directions to Roseman Bridge. Francesca later learns that he was in Iowa on assignment from National Geographic Magazine. She is reluctant seeing that he's a complete stranger, and then she agrees to show him to the bridges and gradually she talks about her life from being a war-bride from Italy which sets the pace for this bittersweet and all-too-brief romance of her life. Through the pain of separation from her secret love and the stark isolation she feels as the details of her life consume her, she writes her thoughts of the four-day love affair which took up three journals. The journals are found by her children after the lawyer was going over Francesca's will and all of the contents which produces a key to her hope chest in the bedroom which contained some of hers and Robert's things. The message they take from the diaries is to what you what you have to do to be happy in life. After learning that Robert Kincaid's cremated remains were scattered off Roseman Bridge and that their mother requested that she too be cremated and her ashes to be scattered off Roseman Bridge, the children must decide whether to honor their mother's final wishes or bury her alongside their father as the family had planned. Adapted from the novel by Robert James Waller, this is the story of a special love that happens just once in a lifetime, if you're lucky."
94,106,110251,Nobody Loves Me,1994,,"On the brink of her 30th birthday, Fanny feels the door to marital happiness closing on her. She is obsessed with death and even visits evening classes on dying, so it seems fitting that she encounters a skeleton in the malfunctioning elevator of her apartment building. The skeleton is her neighbour Orfeo, a Black, gay, self-declared psychic, who convinces her that she is about to meet ""him"". But is it really Lothar, the new yuppie apartment manager ...?"
95,107,117110,Muppet Treasure Island,1996,general,The Muppets are back into action in another movie based on a novel written by Robert Louis Stevenson. Kermit the Frog and his colleagues go on a warfare against ruthless pirates. They also share their problem-solving journey on sea to rescue a treasure.
96,108,112646,Catwalk,1995,,"A camera follows model Christy Turlington through the spring fashion shows in Milan, Paris, and New York one year in the early 1990s, probably 1992. She and others dash from one designer's unveilings to another. Extended footage looks at Versace and Armani in Milan, Galliano, Gaultier, and Langerfeld in Paris, and Isaac Mizrahi in New York. With Kate Moss, Naomi Campbell, and Turlington, we see the nature of friendships among models. With the engaging Mizrahi in particular, there's some exploration of the relationship between designer and models."
97,110,112573,Braveheart,1995,adult,"William Wallace is a Scottish rebel who leads an uprising against the cruel English ruler Edward the Longshanks, who wishes to inherit the crown of Scotland for himself. When he was a young boy, William Wallace's father and brother, along with many others, lost their lives trying to free Scotland. Once he loses another of his loved ones, William Wallace begins his long quest to make Scotland free once and for all, along with the assistance of Robert the Bruce."
98,111,75314,Taxi Driver,1976,adult,"Travis Bickle is an ex-Marine and Vietnam War veteran living in New York City. As he suffers from insomnia, he spends his time working as a taxi driver at night, watching porn movies at seedy cinemas during the day, or thinking about how the world, New York in particular, has deteriorated into a cesspool. He's a loner who has strong opinions about what is right and wrong with mankind. For him, the one bright spot in New York humanity is Betsy, a worker on the presidential nomination campaign of Senator Charles Palantine. He becomes obsessed with her. After an incident with her, he believes he has to do whatever he needs to make the world a better place in his opinion. One of his priorities is to be the savior for Iris, a twelve-year-old runaway and prostitute who he believes wants out of the profession and under the thumb of her pimp and lover Matthew."
99,112,0113326,Rumble in the Bronx,1995,adult,"Keong comes from Hong Kong to visit New York for his uncle's wedding. His uncle runs a market in the Bronx and Keong offers to help out while Uncle is on his honeymoon. During his stay in the Bronx, Keong befriends a neighbor kid and beats up some neighborhood thugs who cause problems at the market. Meanwhile, one of those petty thugs in the local gang stumbles into a criminal situation way over his head. Blinded by greed, his involvement draws his gang, the kid, Keong, and the whole neighborhood into a deadly crossfire. When the lazy cops fail to successfully resolve matters, Keong takes things into his own hands. Needless to say, much spectacular kung-fu and outrageous action sequences follow...."
